dataset,model,mode,tail_it1_pct,tail_it2_pct,tail_it3_pct,tail_it4_pct,tail_it5_pct,head_it1_pct,head_it2_pct,head_it3_pct,head_it4_pct,head_it5_pct,overall_it1_pct,overall_it2_pct,overall_it3_pct,overall_it4_pct,overall_it5_pct,it1_tail_gap,it1_head_gap,it2_tail_gap,it2_head_gap,it3_tail_gap,it3_head_gap,it4_tail_gap,it4_head_gap,it5_tail_gap,it5_head_gap,overall_trend_pp,final_overall_pct
FB13,boxe,replace,22.90,31.80,68.80,31.80,68.80,7.60,10.50,13.60,10.50,13.60,15.30,21.20,41.20,21.20,41.20,,,,,,,,,,,25.90,41.20
FB13,complex,replace,26.80,29.60,71.00,29.60,71.00,61.50,66.40,65.50,66.40,65.50,44.20,48.00,68.30,48.00,68.30,,,,,,,,,,,24.10,68.30
FB13,boxe,add,22.70,18.70,18.00,17.20,17.60,7.60,27.70,33.10,11.80,16.50,15.20,23.20,25.60,14.50,17.10,,,,,,,,,,,1.90,17.10
WN18,boxe,replace,44.80,50.20,56.40,50.20,56.40,39.40,38.90,40.00,38.90,40.00,42.10,44.50,48.20,44.50,48.20,,,,,,,,,,,6.10,48.20
WN18,complex,replace,71.80,46.80,54.00,46.80,54.00,71.40,75.70,76.40,75.70,76.40,71.60,61.20,65.20,61.20,65.20,,,,,,,,,,,-6.40,65.20
WN18,hake_both,replace,58.70,48.90,52.60,48.90,52.60,60.80,60.00,60.50,60.00,60.50,59.70,54.50,56.50,54.50,56.50,,,,,,,,,,,-3.20,56.50
WN18,hole,replace,64.70,47.40,53.40,47.40,53.40,62.80,67.50,67.60,67.50,67.60,63.70,57.50,60.50,57.50,60.50,,,,,,,,,,,-3.20,60.50
WN18,quate,replace,70.60,43.20,56.90,43.20,56.90,68.40,72.60,73.00,72.60,73.00,69.50,57.90,65.00,57.90,65.00,,,,,,,,,,,-4.50,65.00
WN18,rotate,replace,38.00,52.20,56.20,52.20,56.20,30.70,42.60,43.50,42.60,43.50,34.30,47.40,49.90,47.40,49.90,,,,,,,,,,,15.60,49.90
WN18,rotpro,replace,46.40,49.80,55.90,49.80,55.90,42.60,40.30,41.30,40.30,41.30,44.50,45.00,48.60,45.00,48.60,,,,,,,,,,,4.10,48.60
WN18,toruse_eL2,replace,46.90,49.60,53.30,49.60,53.30,47.30,30.30,39.20,30.30,39.20,47.10,39.90,46.30,39.90,46.30,,,,,,,,,,,-0.80,46.30
WN18,transe,replace,48.10,41.50,58.70,41.50,58.70,50.80,30.60,35.90,30.60,35.90,49.40,36.00,47.30,36.00,47.30,,,,,,,,,,,-2.10,47.30
WN18,tucker,replace,92.60,48.00,87.00,48.00,87.00,90.70,96.70,95.90,96.70,95.90,91.70,72.40,91.40,72.40,91.40,,,,,,,,,,,-0.30,91.40
FB13,complex,add,26.70,17.60,16.30,15.60,15.40,61.60,49.50,73.10,58.90,55.70,44.10,33.60,44.70,37.20,35.50,,,,,,,,,,,-8.60,35.50
WN18,boxe,add,43.20,34.60,28.60,24.80,21.40,39.70,39.00,39.00,39.30,39.80,41.50,36.80,33.80,32.00,30.60,,,,,,,,,,,-10.90,30.60
WN18,complex,add,71.20,65.50,60.70,56.40,51.70,71.40,69.20,67.90,66.00,64.70,71.30,67.40,64.30,61.20,58.20,,,,,,,,,,,-13.10,58.20
WN18,hake_both,add,57.70,50.20,43.90,39.10,36.00,60.60,59.10,56.60,57.30,54.60,59.20,54.60,50.30,48.20,45.30,,,,,,,,,,,-13.90,45.30
WN18,hole,add,64.30,57.60,51.60,46.00,41.90,62.60,60.70,59.50,57.30,56.90,63.40,59.10,55.60,51.60,49.40,,,,,,,,,,,-14.00,49.40
WN18,quate,add,69.70,60.30,53.00,47.90,42.40,68.40,64.20,62.60,60.60,57.80,69.00,62.20,57.80,54.20,50.10,,,,,,,,,,,-18.90,50.10
WN18,rotate,add,34.80,27.80,24.40,21.60,20.70,30.40,32.00,35.10,34.90,39.20,32.60,29.90,29.80,28.20,30.00,,,,,,,,,,,-2.60,30.00
WN18,rotpro,add,44.50,34.10,26.60,24.10,21.30,42.50,37.50,38.50,39.40,39.10,43.50,35.80,32.60,31.70,30.20,,,,,,,,,,,-13.30,30.20
WN18,toruse_eL2,add,46.00,32.70,23.00,19.50,16.10,47.40,34.70,33.70,34.20,33.10,46.70,33.70,28.30,26.90,24.60,,,,,,,,,,,-22.10,24.60
WN18,transe,add,47.40,30.20,22.10,17.10,14.40,50.60,33.90,33.00,32.20,30.80,49.00,32.00,27.50,24.60,22.60,,,,,,,,,,,-26.40,22.60
WN18,tucker,add,91.80,87.30,86.20,84.00,83.30,90.50,88.90,88.10,87.30,86.90,91.20,88.10,87.20,85.60,85.10,,,,,,,,,,,-6.10,85.10
FB13,hake_both,add,77.30,73.30,23.60,20.40,19.50,99.70,98.80,94.20,94.20,97.10,88.50,86.00,58.90,57.30,58.30,,,,,,,,,,,-30.20,58.30
WN18RR,boxe,replace,59.80,49.60,58.20,49.60,58.20,39.90,39.60,40.60,39.60,40.60,49.80,44.60,49.40,44.60,49.40,,,,,,,,,,,-0.40,49.40
WN18RR,complex,replace,46.40,43.00,47.80,43.00,47.80,66.80,70.00,70.20,70.00,70.20,56.60,56.50,59.00,56.50,59.00,,,,,,,,,,,2.40,59.00
WN18RR,hake_both,replace,34.00,42.20,45.40,42.20,45.40,64.50,65.10,64.70,65.10,64.70,49.30,53.70,55.10,53.70,55.10,,,,,,,,,,,5.80,55.10
WN18RR,hole,replace,45.70,41.90,46.90,41.90,46.90,71.40,73.10,76.60,73.10,76.60,58.60,57.50,61.70,57.50,61.70,,,,,,,,,,,3.10,61.70
WN18RR,quate,replace,44.60,40.60,48.20,40.60,48.20,63.70,66.70,67.10,66.70,67.10,54.20,53.70,57.70,53.70,57.70,,,,,,,,,,,3.50,57.70
WN18RR,rotate,replace,35.20,51.40,47.30,51.40,47.30,49.90,70.10,72.50,70.10,72.50,42.50,60.70,59.90,60.70,59.90,,,,,,,,,,,17.40,59.90
WN18RR,rotpro,replace,36.30,41.00,54.20,41.00,54.20,51.60,53.10,54.20,53.10,54.20,44.00,47.00,54.20,47.00,54.20,,,,,,,,,,,10.20,54.20
WN18RR,toruse_eL2,replace,22.50,57.30,36.60,57.30,36.60,71.50,30.70,56.10,30.70,56.10,47.00,44.00,46.40,44.00,46.40,,,,,,,,,,,-0.60,46.40
WN18RR,transe,replace,22.60,47.70,41.60,47.70,41.60,72.50,30.90,48.00,30.90,48.00,47.60,39.30,44.80,39.30,44.80,,,,,,,,,,,-2.80,44.80
WN18RR,tucker,replace,90.90,53.20,47.80,53.20,47.80,93.40,99.60,99.20,99.60,99.20,92.10,76.40,73.50,76.40,73.50,,,,,,,,,,,-18.60,73.50
FB13,hole,add,41.50,30.00,18.10,15.70,14.90,94.20,86.50,80.90,83.50,81.20,67.90,58.30,49.50,49.60,48.00,,,,,,,,,,,-19.90,48.00
WN18RR,boxe,add,59.00,59.40,58.10,58.00,55.50,39.90,43.80,46.60,43.20,47.40,49.40,51.60,52.30,50.60,51.50,,,,,,,,,,,2.10,51.50
WN18RR,complex,add,46.70,39.40,33.10,28.70,26.00,66.80,64.80,61.00,61.80,59.20,56.80,52.10,47.10,45.30,42.60,,,,,,,,,,,-14.20,42.60
WN18RR,hake_both,add,33.80,27.20,24.20,21.60,18.80,64.40,64.30,62.20,59.30,60.80,49.10,45.80,43.20,40.50,39.80,,,,,,,,,,,-9.30,39.80
WN18RR,hole,add,45.50,36.70,31.80,27.60,24.60,71.30,69.20,68.10,66.10,66.40,58.40,52.90,49.90,46.90,45.50,,,,,,,,,,,-12.90,45.50
WN18RR,quate,add,44.30,34.20,27.90,23.90,22.50,63.90,60.90,60.30,58.50,57.00,54.10,47.60,44.10,41.20,39.70,,,,,,,,,,,-14.40,39.70
WN18RR,rotate,add,34.60,37.60,41.00,44.40,46.60,49.80,59.90,63.30,66.80,69.10,42.20,48.80,52.20,55.60,57.80,,,,,,,,,,,15.60,57.80
WN18RR,rotpro,add,36.00,27.00,24.20,23.90,24.10,51.70,44.90,45.40,46.10,46.40,43.90,35.90,34.80,35.00,35.20,,,,,,,,,,,-8.70,35.20
WN18RR,toruse_eL2,add,22.20,23.80,18.20,16.50,15.40,71.60,42.00,36.90,37.60,36.20,46.90,32.90,27.50,27.00,25.80,,,,,,,,,,,-21.10,25.80
WN18RR,transe,add,22.30,16.80,13.90,12.70,10.70,72.70,43.30,41.30,40.50,40.60,47.50,30.10,27.60,26.60,25.60,,,,,,,,,,,-21.90,25.60
WN18RR,tucker,add,90.80,87.10,83.00,78.40,76.80,93.40,89.80,87.80,87.90,86.20,92.10,88.50,85.40,83.20,81.50,,,,,,,,,,,-10.60,81.50
FB13,quate,add,31.30,19.40,15.90,14.50,13.70,68.80,81.30,71.10,49.60,61.30,50.10,50.30,43.50,32.00,37.50,,,,,,,,,,,-12.60,37.50
YAGO3-10,boxe,replace,25.90,45.80,53.30,45.80,53.30,17.80,12.00,12.80,12.00,12.80,21.90,28.90,33.10,28.90,33.10,,,,,,,,,,,11.20,33.10
YAGO3-10,complex,replace,46.30,32.10,59.70,32.10,59.70,34.00,34.10,37.60,34.10,37.60,40.10,33.10,48.70,33.10,48.70,,,,,,,,,,,8.60,48.70
YAGO3-10,hake_both,replace,80.40,13.40,83.10,13.40,83.10,31.70,26.10,32.90,26.10,32.90,56.00,19.80,58.00,19.80,58.00,,,,,,,,,,,2.00,58.00
YAGO3-10,hole,replace,25.70,43.60,50.40,43.60,50.40,20.00,24.30,25.70,24.30,25.70,22.80,34.00,38.10,34.00,38.10,,,,,,,,,,,15.30,38.10
YAGO3-10,quate,replace,61.60,17.60,74.00,17.60,74.00,51.30,36.80,58.30,36.80,58.30,56.50,27.20,66.20,27.20,66.20,,,,,,,,,,,9.70,66.20
YAGO3-10,rotate,replace,10.80,47.80,52.30,47.80,52.30,23.10,63.90,69.00,63.90,69.00,16.90,55.80,60.70,55.80,60.70,,,,,,,,,,,43.80,60.70
YAGO3-10,rotpro,replace,10.20,42.60,49.50,42.60,49.50,22.50,55.00,59.60,55.00,59.60,16.30,48.80,54.50,48.80,54.50,,,,,,,,,,,38.20,54.50
YAGO3-10,toruse_eL2,replace,19.40,45.10,47.50,45.10,47.50,16.50,18.90,21.60,18.90,21.60,17.90,32.00,34.60,32.00,34.60,,,,,,,,,,,16.70,34.60
YAGO3-10,transe,replace,32.70,51.00,50.60,51.00,50.60,7.00,7.50,6.70,7.50,6.70,19.80,29.20,28.60,29.20,28.60,,,,,,,,,,,8.80,28.60
YAGO3-10,tucker,replace,30.70,41.80,52.50,41.80,52.50,32.50,28.50,27.10,28.50,27.10,31.60,35.10,39.80,35.10,39.80,,,,,,,,,,,8.20,39.80
FB13,rotate,add,46.00,32.30,18.10,14.10,12.10,36.40,14.00,9.00,36.60,15.20,41.20,23.10,13.60,25.30,13.70,,,,,,,,,,,-27.50,13.70
YAGO3-10,boxe,add,26.00,24.10,23.80,23.00,20.60,17.80,16.80,16.80,16.70,16.20,21.90,20.50,20.30,19.80,18.40,,,,,,,,,,,-3.50,18.40
YAGO3-10,complex,add,46.30,27.10,24.30,22.60,21.10,34.00,27.90,32.30,26.20,27.10,40.10,27.50,28.30,24.40,24.10,,,,,,,,,,,-16.00,24.10
YAGO3-10,hake_both,add,80.40,23.90,20.20,17.90,16.90,31.70,26.80,22.10,27.80,22.30,56.00,25.40,21.20,22.90,19.60,,,,,,,,,,,-36.40,19.60
YAGO3-10,hole,add,25.70,21.60,20.80,18.90,17.70,20.00,18.90,24.60,21.40,26.80,22.80,20.20,22.70,20.10,22.20,,,,,,,,,,,-0.60,22.20
YAGO3-10,quate,add,61.60,23.20,18.80,16.00,14.40,51.30,37.90,40.00,41.10,34.70,56.50,30.60,29.40,28.50,24.60,,,,,,,,,,,-31.90,24.60
YAGO3-10,rotate,add,10.80,10.10,9.40,8.20,7.40,23.10,16.00,17.50,17.40,18.80,16.90,13.00,13.40,12.80,13.10,,,,,,,,,,,-3.80,13.10
YAGO3-10,rotpro,add,10.20,8.60,7.20,6.80,6.00,22.50,14.30,20.60,21.70,21.40,16.30,11.50,13.90,14.20,13.70,,,,,,,,,,,-2.60,13.70
YAGO3-10,toruse_eL2,add,19.50,17.70,16.00,14.60,14.70,16.50,15.80,15.80,17.50,18.50,18.00,16.80,15.90,16.10,16.60,,,,,,,,,,,-1.40,16.60
YAGO3-10,transe,add,32.60,33.60,33.30,32.80,32.20,7.00,6.40,6.50,6.80,7.90,19.80,20.00,19.90,19.80,20.10,,,,,,,,,,,0.30,20.10
YAGO3-10,tucker,add,30.90,26.60,24.70,23.20,22.20,32.50,30.60,34.10,27.90,27.60,31.70,28.60,29.40,25.60,24.90,,,,,,,,,,,-6.80,24.90
FB13,rotpro,add,4.70,4.60,5.20,5.70,5.80,4.80,8.00,8.20,6.80,6.70,4.80,6.30,6.70,6.20,6.20,,,,,,,,,,,1.40,6.20
BioKG,boxe,replace,60.60,46.10,54.50,46.10,54.50,38.40,48.00,48.30,48.00,48.30,49.50,47.10,51.40,47.10,51.40,,,,,,,,,,,1.90,51.40
BioKG,complex,replace,37.60,47.50,48.00,47.50,48.00,66.30,58.90,58.20,58.90,58.20,52.00,53.20,53.10,53.20,53.10,,,,,,,,,,,1.10,53.10
BioKG,hake_both,replace,28.50,49.70,49.60,49.70,49.60,73.90,62.30,59.40,62.30,59.40,51.20,56.00,54.50,56.00,54.50,,,,,,,,,,,3.30,54.50
BioKG,hole,replace,37.50,49.40,48.30,49.40,48.30,71.90,59.40,60.30,59.40,60.30,54.70,54.40,54.30,54.40,54.30,,,,,,,,,,,-0.40,54.30
BioKG,quate,replace,35.30,43.40,45.50,43.40,45.50,67.90,64.70,63.10,64.70,63.10,51.60,54.10,54.30,54.10,54.30,,,,,,,,,,,2.70,54.30
BioKG,rotate,replace,20.80,62.10,33.00,62.10,33.00,73.70,42.20,62.30,42.20,62.30,47.20,52.20,47.60,52.20,47.60,,,,,,,,,,,0.40,47.60
BioKG,rotpro,replace,19.40,52.90,35.50,52.90,35.50,73.20,50.60,65.60,50.60,65.60,46.30,51.80,50.60,51.80,50.60,,,,,,,,,,,4.30,50.60
BioKG,toruse_eL2,replace,18.60,61.70,35.80,61.70,35.80,74.50,40.50,59.30,40.50,59.30,46.60,51.10,47.60,51.10,47.60,,,,,,,,,,,1.00,47.60
BioKG,transe,replace,20.30,48.60,51.20,48.60,51.20,71.70,56.10,47.50,56.10,47.50,46.00,52.40,49.40,52.40,49.40,,,,,,,,,,,3.40,49.40
BioKG,tucker,replace,32.30,46.70,51.20,46.70,51.20,69.30,63.20,63.80,63.20,63.80,50.80,55.00,57.50,55.00,57.50,,,,,,,,,,,6.70,57.50
FB13,toruse_eL2,add,4.10,4.00,3.60,3.50,3.50,22.20,37.60,19.10,29.10,30.30,13.20,20.80,11.30,16.30,16.90,,,,,,,,,,,3.70,16.90
BioKG,boxe,add,60.40,58.60,57.40,57.60,57.00,38.30,37.20,37.00,36.80,36.90,49.30,47.90,47.20,47.20,47.00,,,,,,,,,,,-2.30,47.00
BioKG,complex,add,37.50,35.40,36.20,34.80,32.90,66.30,64.00,62.90,61.10,60.40,51.90,49.70,49.50,48.00,46.70,,,,,,,,,,,-5.20,46.70
BioKG,hake_both,add,28.50,31.20,32.60,31.80,32.40,73.90,70.20,70.30,67.60,67.70,51.20,50.70,51.50,49.70,50.00,,,,,,,,,,,-1.20,50.00
BioKG,hole,add,37.50,36.50,36.80,35.60,36.00,71.90,69.50,68.60,66.30,66.20,54.70,53.00,52.70,50.90,51.10,,,,,,,,,,,-3.60,51.10
BioKG,quate,add,35.40,34.30,34.20,32.90,33.60,67.80,65.20,62.60,62.30,61.90,51.60,49.70,48.40,47.60,47.70,,,,,,,,,,,-3.90,47.70
BioKG,rotate,add,20.80,34.30,34.60,37.30,35.40,73.70,65.30,65.40,64.00,63.90,47.20,49.80,50.00,50.70,49.60,,,,,,,,,,,2.40,49.60
BioKG,rotpro,add,19.50,31.30,32.90,33.20,34.40,73.10,65.30,64.40,63.10,62.60,46.30,48.30,48.60,48.10,48.50,,,,,,,,,,,2.20,48.50
BioKG,toruse_eL2,add,18.60,30.10,30.50,30.10,30.00,74.50,63.50,60.80,61.40,59.60,46.50,46.80,45.60,45.70,44.80,,,,,,,,,,,-1.70,44.80
BioKG,transe,add,20.30,25.00,26.00,27.40,26.30,71.70,66.30,65.30,66.00,65.10,46.00,45.70,45.60,46.70,45.70,,,,,,,,,,,-0.30,45.70
BioKG,tucker,add,32.20,32.10,34.30,33.30,32.80,69.20,66.30,65.20,65.30,63.90,50.70,49.20,49.70,49.30,48.30,,,,,,,,,,,-2.40,48.30
FB13,transe,add,0.20,1.00,0.90,1.00,0.90,94.10,48.80,51.30,41.80,44.00,47.10,24.90,26.10,21.40,22.40,,,,,,,,,,,-24.70,22.40
Hetionet,boxe,replace,66.50,44.40,54.60,44.40,54.60,52.80,53.10,57.00,53.10,57.00,59.70,48.70,55.80,48.70,55.80,,,,,,,,,,,-3.90,55.80
Hetionet,complex,replace,42.40,44.20,44.70,44.20,44.70,55.20,48.50,48.30,48.50,48.30,48.80,46.40,46.50,46.40,46.50,,,,,,,,,,,-2.30,46.50
Hetionet,hake_both,replace,58.40,47.10,52.50,47.10,52.50,55.70,55.00,55.50,55.00,55.50,57.10,51.00,54.00,51.00,54.00,,,,,,,,,,,-3.10,54.00
Hetionet,hole,replace,37.60,42.20,44.80,42.20,44.80,46.00,44.10,44.60,44.10,44.60,41.80,43.10,44.70,43.10,44.70,,,,,,,,,,,2.90,44.70
Hetionet,quate,replace,42.10,44.90,45.50,44.90,45.50,59.30,50.20,52.20,50.20,52.20,50.70,47.50,48.90,47.50,48.90,,,,,,,,,,,-1.80,48.90
Hetionet,rotate,replace,53.00,48.00,51.50,48.00,51.50,56.80,55.70,54.50,55.70,54.50,54.90,51.90,53.00,51.90,53.00,,,,,,,,,,,-1.90,53.00
Hetionet,rotpro,replace,46.40,53.00,46.80,53.00,46.80,52.60,52.00,49.50,52.00,49.50,49.50,52.50,48.10,52.50,48.10,,,,,,,,,,,-1.40,48.10
Hetionet,toruse_eL2,replace,49.50,49.70,48.50,49.70,48.50,51.40,50.80,53.50,50.80,53.50,50.40,50.30,51.00,50.30,51.00,,,,,,,,,,,0.60,51.00
Hetionet,transe,replace,59.30,49.90,50.30,49.90,50.30,52.10,55.40,57.80,55.40,57.80,55.70,52.60,54.00,52.60,54.00,,,,,,,,,,,-1.70,54.00
Hetionet,tucker,replace,49.90,49.40,50.00,49.40,50.00,47.70,47.80,48.90,47.80,48.90,48.80,48.60,49.40,48.60,49.40,,,,,,,,,,,0.60,49.40
FB13,tucker,add,26.10,22.20,21.40,21.10,20.50,51.50,55.20,38.70,39.50,39.70,38.80,38.70,30.10,30.30,30.10,,,,,,,,,,,-8.70,30.10
Hetionet,boxe,add,66.50,64.30,63.00,63.50,64.60,52.80,50.50,52.20,50.80,50.50,59.60,57.40,57.60,57.10,57.50,,,,,,,,,,,-2.10,57.50
Hetionet,complex,add,42.40,40.70,38.80,37.70,35.40,55.30,55.30,54.00,53.60,53.70,48.80,48.00,46.40,45.60,44.50,,,,,,,,,,,-4.30,44.50
Hetionet,hake_both,add,58.40,57.00,54.40,54.50,51.30,55.60,54.20,54.80,54.60,54.60,57.00,55.60,54.60,54.60,52.90,,,,,,,,,,,-4.10,52.90
Hetionet,hole,add,37.50,34.70,35.50,33.60,30.80,46.00,47.60,47.40,48.70,48.60,41.70,41.10,41.40,41.10,39.70,,,,,,,,,,,-2.00,39.70
Hetionet,quate,add,42.10,41.70,39.60,36.50,35.50,59.40,57.40,55.40,55.80,56.40,50.70,49.60,47.50,46.10,45.90,,,,,,,,,,,-4.80,45.90
Hetionet,rotate,add,53.00,53.40,52.90,52.70,50.10,56.70,53.80,52.70,52.40,51.60,54.90,53.60,52.80,52.60,50.80,,,,,,,,,,,-4.10,50.80
Hetionet,rotpro,add,46.30,49.40,45.20,48.10,45.60,52.60,52.40,50.10,51.00,50.20,49.50,50.90,47.70,49.50,47.90,,,,,,,,,,,-1.60,47.90
Hetionet,toruse_eL2,add,49.50,49.90,48.80,47.20,46.60,51.40,48.50,49.00,49.30,49.20,50.50,49.20,48.90,48.30,47.90,,,,,,,,,,,-2.60,47.90
Hetionet,transe,add,59.20,61.20,62.90,61.30,63.50,52.10,50.20,49.60,50.00,51.30,55.60,55.70,56.30,55.60,57.40,,,,,,,,,,,1.80,57.40
Hetionet,tucker,add,49.70,49.70,47.40,44.70,45.60,47.70,47.60,48.90,47.40,48.40,48.70,48.70,48.20,46.10,47.00,,,,,,,,,,,-1.70,47.00
FB13,hake_both,replace,77.30,62.40,37.60,62.40,37.60,99.70,100.00,100.00,100.00,100.00,88.50,81.20,68.80,81.20,68.80,,,,,,,,,,,-19.70,68.80
FB15K,boxe,replace,52.10,44.60,58.00,44.60,58.00,54.80,55.90,55.60,55.90,55.60,53.50,50.20,56.80,50.20,56.80,,,,,,,,,,,3.30,56.80
FB15K,complex,replace,48.80,45.50,54.70,45.50,54.70,50.80,58.20,58.60,58.20,58.60,49.80,51.80,56.60,51.80,56.60,,,,,,,,,,,6.80,56.60
FB15K,hake_both,replace,56.30,45.40,54.60,45.40,54.60,72.70,73.60,75.20,73.60,75.20,64.50,59.50,64.90,59.50,64.90,,,,,,,,,,,0.40,64.90
FB15K,hole,replace,46.60,47.70,55.30,47.70,55.30,48.00,51.60,51.50,51.60,51.50,47.30,49.60,53.40,49.60,53.40,,,,,,,,,,,6.10,53.40
FB15K,quate,replace,48.10,47.00,55.90,47.00,55.90,49.50,56.70,56.80,56.70,56.80,48.80,51.80,56.30,51.80,56.30,,,,,,,,,,,7.50,56.30
FB15K,rotate,replace,44.70,47.80,53.70,47.80,53.70,48.80,43.80,45.30,43.80,45.30,46.70,45.80,49.50,45.80,49.50,,,,,,,,,,,2.80,49.50
FB15K,rotpro,replace,41.70,49.50,53.40,49.50,53.40,43.00,38.80,39.30,38.80,39.30,42.30,44.10,46.30,44.10,46.30,,,,,,,,,,,4.00,46.30
FB15K,toruse_eL2,replace,42.70,52.70,50.80,52.70,50.80,45.80,44.10,44.90,44.10,44.90,44.30,48.40,47.90,48.40,47.90,,,,,,,,,,,3.60,47.90
FB15K,transe,replace,48.00,46.00,55.70,46.00,55.70,51.60,51.30,51.60,51.30,51.60,49.80,48.60,53.70,48.60,53.70,,,,,,,,,,,3.90,53.70
FB15K,tucker,replace,76.80,35.20,65.50,35.20,65.50,80.40,85.60,85.40,85.60,85.40,78.60,60.40,75.50,60.40,75.50,,,,,,,,,,,-3.10,75.50
FB13,hole,replace,41.60,27.20,67.50,27.20,67.50,94.20,99.00,98.10,99.00,98.10,67.90,63.10,82.80,63.10,82.80,,,,,,,,,,,14.90,82.80
FB15K,boxe,add,47.50,45.20,44.40,42.30,42.60,51.00,50.00,49.20,49.20,49.00,49.20,47.60,46.80,45.70,45.80,,,,,,,,,,,-3.40,45.80
FB15K,complex,add,44.90,41.40,40.80,39.80,39.90,49.50,47.90,46.80,46.00,46.40,47.20,44.70,43.80,42.90,43.20,,,,,,,,,,,-4.00,43.20
FB15K,hake_both,add,54.20,51.00,49.00,47.50,46.00,71.40,64.00,62.00,59.10,57.00,62.80,57.50,55.50,53.30,51.50,,,,,,,,,,,-11.30,51.50
FB15K,hole,add,41.10,38.90,38.90,38.40,37.50,46.60,46.30,45.10,46.30,46.10,43.80,42.60,42.00,42.30,41.80,,,,,,,,,,,-2.00,41.80
FB15K,quate,add,43.60,41.60,41.00,40.20,39.30,48.40,47.50,47.40,46.90,46.20,46.00,44.50,44.20,43.60,42.80,,,,,,,,,,,-3.20,42.80
FB15K,rotate,add,41.40,39.70,38.80,38.10,37.90,47.50,46.70,45.80,46.10,45.40,44.40,43.20,42.30,42.10,41.70,,,,,,,,,,,-2.70,41.70
FB15K,rotpro,add,37.50,35.00,33.70,34.30,33.00,42.70,42.20,41.40,40.70,40.90,40.10,38.60,37.50,37.50,36.90,,,,,,,,,,,-3.20,36.90
FB15K,toruse_eL2,add,36.50,36.50,37.70,37.60,37.00,41.50,41.90,43.20,43.50,43.50,39.00,39.20,40.40,40.60,40.20,,,,,,,,,,,1.20,40.20
FB15K,transe,add,43.00,41.00,40.00,39.80,38.60,47.20,46.00,45.40,44.90,45.70,45.10,43.50,42.70,42.30,42.20,,,,,,,,,,,-2.90,42.20
FB15K,tucker,add,72.40,65.10,59.60,56.30,53.60,74.90,68.30,63.80,61.50,59.10,73.70,66.70,61.70,58.90,56.40,,,,,,,,,,,-17.30,56.40
FB13,quate,replace,30.60,31.30,68.20,31.30,68.20,68.80,65.00,63.60,65.00,63.60,49.70,48.20,65.90,48.20,65.90,,,,,,,,,,,16.20,65.90
FB15K237,boxe,replace,43.60,45.70,54.40,45.70,54.40,57.10,53.10,53.70,53.10,53.70,50.30,49.40,54.10,49.40,54.10,,,,,,,,,,,3.80,54.10
FB15K237,complex,replace,39.50,44.60,54.30,44.60,54.30,53.10,60.10,60.90,60.10,60.90,46.30,52.30,57.60,52.30,57.60,,,,,,,,,,,11.30,57.60
FB15K237,hake_both,replace,55.10,40.50,52.70,40.50,52.70,88.50,87.90,89.20,87.90,89.20,71.80,64.20,70.90,64.20,70.90,,,,,,,,,,,-0.90,70.90
FB15K237,hole,replace,40.50,42.30,52.40,42.30,52.40,56.50,59.90,59.80,59.90,59.80,48.50,51.10,56.10,51.10,56.10,,,,,,,,,,,7.60,56.10
FB15K237,quate,replace,40.30,44.60,53.20,44.60,53.20,58.50,60.60,60.90,60.60,60.90,49.40,52.60,57.10,52.60,57.10,,,,,,,,,,,7.70,57.10
FB15K237,rotate,replace,36.80,46.20,49.80,46.20,49.80,55.80,49.90,51.10,49.90,51.10,46.30,48.00,50.40,48.00,50.40,,,,,,,,,,,4.10,50.40
FB15K237,rotpro,replace,29.80,46.00,48.90,46.00,48.90,54.10,49.90,50.70,49.90,50.70,42.00,47.90,49.80,47.90,49.80,,,,,,,,,,,7.80,49.80
FB15K237,toruse_eL2,replace,29.70,55.40,42.90,55.40,42.90,49.40,46.50,49.80,46.50,49.80,39.50,50.90,46.30,50.90,46.30,,,,,,,,,,,6.80,46.30
FB15K237,transe,replace,44.70,46.20,56.90,46.20,56.90,49.80,51.40,51.10,51.40,51.10,47.30,48.80,54.00,48.80,54.00,,,,,,,,,,,6.70,54.00
FB15K237,tucker,replace,71.20,31.10,65.50,31.10,65.50,77.90,83.10,83.00,83.10,83.00,74.50,57.10,74.30,57.10,74.30,,,,,,,,,,,-0.20,74.30
FB13,rotate,replace,45.90,27.70,69.00,27.70,69.00,36.30,21.10,39.20,21.10,39.20,41.10,24.40,54.10,24.40,54.10,,,,,,,,,,,13.00,54.10
FB15K237,boxe,add,41.00,38.40,37.80,35.90,35.60,57.20,55.30,54.10,51.80,53.60,49.10,46.90,46.00,43.90,44.60,,,,,,,,,,,-4.50,44.60
FB15K237,complex,add,37.30,33.70,31.30,30.30,29.20,53.00,51.00,53.20,50.70,48.80,45.10,42.40,42.20,40.50,39.00,,,,,,,,,,,-6.10,39.00
FB15K237,hake_both,add,53.90,49.60,45.90,44.60,42.20,88.50,78.90,73.00,70.80,68.10,71.20,64.20,59.40,57.70,55.20,,,,,,,,,,,-16.00,55.20
FB15K237,hole,add,38.40,33.70,30.60,29.20,28.50,56.60,57.40,54.90,52.60,55.30,47.50,45.50,42.70,40.90,41.90,,,,,,,,,,,-5.60,41.90
FB15K237,quate,add,38.00,35.60,33.90,31.80,31.70,58.60,55.30,54.10,52.20,50.80,48.30,45.40,44.00,42.00,41.20,,,,,,,,,,,-7.10,41.20
FB15K237,rotate,add,34.60,32.10,31.30,30.20,28.40,55.90,55.10,54.90,55.30,54.00,45.30,43.60,43.10,42.80,41.20,,,,,,,,,,,-4.10,41.20
FB15K237,rotpro,add,28.30,26.50,25.40,24.30,23.90,54.60,52.50,49.80,50.00,52.90,41.50,39.50,37.60,37.10,38.40,,,,,,,,,,,-3.10,38.40
FB15K237,toruse_eL2,add,27.40,29.80,29.00,28.50,27.50,49.80,48.60,50.70,51.70,53.40,38.60,39.20,39.80,40.10,40.50,,,,,,,,,,,1.90,40.50
FB15K237,transe,add,41.00,39.20,37.40,37.40,35.40,49.60,49.80,52.20,52.50,47.90,45.30,44.50,44.80,44.90,41.70,,,,,,,,,,,-3.60,41.70
FB15K237,tucker,add,68.40,57.10,51.20,48.50,46.00,75.70,72.40,67.20,64.00,65.10,72.00,64.70,59.20,56.30,55.60,,,,,,,,,,,-16.40,55.60
FB13,rotpro,replace,4.70,42.70,56.80,42.70,56.80,4.80,51.00,55.80,51.00,55.80,4.70,46.80,56.30,46.80,56.30,,,,,,,,,,,51.60,56.30
NELL-995,boxe,replace,39.90,48.30,66.40,48.30,66.40,25.00,30.20,32.30,30.20,32.30,32.50,39.20,49.40,39.20,49.40,,,,,,,,,,,16.90,49.40
NELL-995,complex,replace,90.50,8.80,62.50,8.80,62.50,88.00,81.50,83.50,81.50,83.50,89.30,45.20,73.00,45.20,73.00,,,,,,,,,,,-16.30,73.00
NELL-995,hake_both,replace,58.00,40.50,56.60,40.50,56.60,84.80,90.80,92.20,90.80,92.20,71.40,65.60,74.40,65.60,74.40,,,,,,,,,,,3.00,74.40
NELL-995,hole,replace,45.70,29.10,60.80,29.10,60.80,86.90,90.70,93.20,90.70,93.20,66.30,59.90,77.00,59.90,77.00,,,,,,,,,,,10.70,77.00
NELL-995,quate,replace,48.90,42.10,53.30,42.10,53.30,55.80,79.10,84.70,79.10,84.70,52.30,60.60,69.00,60.60,69.00,,,,,,,,,,,16.70,69.00
NELL-995,rotate,replace,22.40,43.00,59.70,43.00,59.70,25.10,59.20,62.80,59.20,62.80,23.80,51.10,61.20,51.10,61.20,,,,,,,,,,,37.40,61.20
NELL-995,rotpro,replace,17.60,42.60,56.50,42.60,56.50,33.60,43.40,47.80,43.40,47.80,25.60,43.00,52.10,43.00,52.10,,,,,,,,,,,26.50,52.10
NELL-995,toruse_eL2,replace,19.90,48.80,60.80,48.80,60.80,27.60,18.00,18.90,18.00,18.90,23.80,33.40,39.90,33.40,39.90,,,,,,,,,,,16.10,39.90
NELL-995,transe,replace,16.30,50.60,56.80,50.60,56.80,26.00,18.40,19.20,18.40,19.20,21.10,34.50,38.00,34.50,38.00,,,,,,,,,,,16.90,38.00
NELL-995,tucker,replace,69.00,30.70,63.90,30.70,63.90,96.50,91.60,91.70,91.60,91.70,82.70,61.20,77.80,61.20,77.80,,,,,,,,,,,-4.90,77.80
FB13,toruse_eL2,replace,4.10,45.10,55.40,45.10,55.40,22.10,14.40,15.00,14.40,15.00,13.10,29.70,35.20,29.70,35.20,,,,,,,,,,,22.10,35.20
NELL-995,boxe,add,39.10,34.40,33.30,32.30,29.30,25.00,30.20,23.30,28.30,22.00,32.00,32.30,28.30,30.30,25.60,,,,,,,,,,,-6.40,25.60
NELL-995,complex,add,90.70,54.10,52.40,47.30,43.40,88.10,88.40,83.30,73.50,86.20,89.40,71.30,67.90,60.40,64.80,,,,,,,,,,,-24.60,64.80
NELL-995,hake_both,add,64.90,55.00,52.60,47.20,45.00,84.60,82.70,80.00,64.70,72.40,74.70,68.80,66.30,56.00,58.70,,,,,,,,,,,-16.00,58.70
NELL-995,hole,add,45.20,37.00,33.60,32.80,29.80,87.00,75.50,73.10,82.40,62.30,66.10,56.30,53.40,57.60,46.10,,,,,,,,,,,-20.00,46.10
NELL-995,quate,add,49.70,45.10,38.80,35.00,31.80,56.00,57.10,50.20,47.00,51.80,52.80,51.10,44.50,41.00,41.80,,,,,,,,,,,-11.00,41.80
NELL-995,rotate,add,21.60,21.20,15.90,16.00,14.00,24.60,19.70,21.30,20.00,19.30,23.10,20.40,18.60,18.00,16.60,,,,,,,,,,,-6.50,16.60
NELL-995,rotpro,add,16.90,13.10,8.60,7.10,5.20,33.40,27.60,21.20,31.00,15.80,25.10,20.30,14.90,19.00,10.50,,,,,,,,,,,-14.60,10.50
NELL-995,toruse_eL2,add,19.70,20.30,18.10,17.10,15.90,27.60,31.60,18.90,21.90,23.90,23.60,25.90,18.50,19.50,19.90,,,,,,,,,,,-3.70,19.90
NELL-995,transe,add,15.60,12.00,12.60,11.80,10.60,26.00,21.90,21.60,22.80,24.60,20.80,17.00,17.10,17.30,17.60,,,,,,,,,,,-3.20,17.60
NELL-995,tucker,add,68.50,63.80,57.50,55.40,52.80,96.40,93.70,96.20,93.30,95.00,82.40,78.70,76.90,74.30,73.90,,,,,,,,,,,-8.50,73.90
FB13,transe,replace,0.20,72.20,22.10,72.20,22.10,93.50,21.20,52.90,21.20,52.90,46.80,46.70,37.50,46.70,37.50,,,,,,,,,,,-9.30,37.50
WN11,boxe,replace,69.40,46.70,59.30,46.70,59.30,69.70,67.30,70.60,67.30,70.60,69.50,57.00,64.90,57.00,64.90,,,,,,,,,,,-4.60,64.90
WN11,complex,replace,53.10,48.80,57.10,48.80,57.10,54.90,60.00,59.20,60.00,59.20,54.00,54.40,58.20,54.40,58.20,,,,,,,,,,,4.20,58.20
WN11,hake_both,replace,52.90,49.00,51.40,49.00,51.40,55.10,59.00,59.70,59.00,59.70,54.00,54.00,55.60,54.00,55.60,,,,,,,,,,,1.60,55.60
WN11,hole,replace,55.80,46.70,58.20,46.70,58.20,56.90,61.30,60.50,61.30,60.50,56.30,54.00,59.40,54.00,59.40,,,,,,,,,,,3.10,59.40
WN11,quate,replace,54.60,46.90,55.90,46.90,55.90,54.30,58.20,59.10,58.20,59.10,54.50,52.50,57.50,52.50,57.50,,,,,,,,,,,3.00,57.50
WN11,rotate,replace,44.70,54.10,51.60,54.10,51.60,48.20,56.80,57.10,56.80,57.10,46.40,55.50,54.40,55.50,54.40,,,,,,,,,,,8.00,54.40
WN11,rotpro,replace,38.20,57.20,52.40,57.20,52.40,42.80,47.40,50.20,47.40,50.20,40.50,52.30,51.30,52.30,51.30,,,,,,,,,,,10.80,51.30
WN11,toruse_eL2,replace,40.60,44.40,54.10,44.40,54.10,56.00,32.80,43.30,32.80,43.30,48.30,38.60,48.70,38.60,48.70,,,,,,,,,,,0.40,48.70
WN11,transe,replace,40.50,35.50,58.80,35.50,58.80,56.50,23.00,38.20,23.00,38.20,48.50,29.20,48.50,29.20,48.50,,,,,,,,,,,0.00,48.50
WN11,tucker,replace,97.10,63.30,49.30,63.30,49.30,97.30,98.30,99.20,98.30,99.20,97.20,80.80,74.30,80.80,74.30,,,,,,,,,,,-22.90,74.30
FB13,tucker,replace,26.40,32.60,69.40,32.60,69.40,51.50,43.30,29.30,43.30,29.30,39.00,38.00,49.40,38.00,49.40,,,,,,,,,,,10.40,49.40
WN11,boxe,add,66.70,65.40,65.00,61.70,60.10,68.40,67.10,66.90,66.30,65.30,67.60,66.30,65.90,64.00,62.70,,,,,,,,,,,-4.90,62.70
WN11,complex,add,45.80,40.40,36.80,33.20,31.80,54.20,51.70,51.40,50.20,48.00,50.00,46.00,44.10,41.70,39.90,,,,,,,,,,,-10.10,39.90
WN11,hake_both,add,49.90,46.60,42.30,40.60,38.20,55.00,55.20,53.70,54.30,52.80,52.50,50.90,48.00,47.40,45.50,,,,,,,,,,,-7.00,45.50
WN11,hole,add,49.80,42.00,37.30,33.50,32.30,56.40,52.30,50.00,49.00,48.10,53.10,47.10,43.60,41.20,40.20,,,,,,,,,,,-12.90,40.20
WN11,quate,add,49.40,41.70,34.70,30.30,27.70,54.10,51.10,47.90,46.70,44.70,51.80,46.40,41.30,38.50,36.20,,,,,,,,,,,-15.60,36.20
WN11,rotate,add,36.70,37.10,37.90,37.90,38.40,46.90,49.90,50.10,51.70,53.10,41.80,43.50,44.00,44.80,45.80,,,,,,,,,,,4.00,45.80
WN11,rotpro,add,29.60,27.80,32.30,32.80,33.80,42.50,43.00,45.30,48.70,49.10,36.10,35.40,38.80,40.70,41.50,,,,,,,,,,,5.40,41.50
WN11,toruse_eL2,add,39.40,22.60,20.70,19.90,19.40,56.30,36.70,36.80,37.40,36.90,47.90,29.70,28.80,28.60,28.20,,,,,,,,,,,-19.70,28.20
WN11,transe,add,39.70,19.20,15.80,13.80,13.30,56.80,31.30,30.70,31.60,30.50,48.20,25.30,23.20,22.70,21.90,,,,,,,,,,,-26.30,21.90
WN11,tucker,add,96.80,96.00,94.90,93.80,92.80,97.00,96.70,96.00,95.80,94.50,96.90,96.30,95.40,94.80,93.70,,,,,,,,,,,-3.20,93.70
